<?xml version="1.0" encoding="UTF-8"?>
<beans xmlns="http://www.springframework.org/schema/beans"
	xmlns:xsi="http://www.w3.org/2001/XMLSchema-instance"
	xmlns:aop="http://www.springframework.org/schema/aop"
	xmlns:context="http://www.springframework.org/schema/context"
	xmlns:mybatis-spring="http://mybatis.org/schema/mybatis-spring"
	xmlns:jdbc="http://www.springframework.org/schema/jdbc"
	xsi:schemaLocation="http://www.springframework.org/schema/jdbc http://www.springframework.org/schema/jdbc/spring-jdbc-4.3.xsd
		http://mybatis.org/schema/mybatis-spring http://mybatis.org/schema/mybatis-spring-1.2.xsd
		http://www.springframework.org/schema/beans http://www.springframework.org/schema/beans/spring-beans.xsd
		http://www.springframework.org/schema/context http://www.springframework.org/schema/context/spring-context-4.3.xsd
		http://www.springframework.org/schema/aop http://www.springframework.org/schema/aop/spring-aop-4.3.xsd">

	<!-- Root Context: defines shared resources visible to all other web components -->
	<bean id="dataSource" class="org.springframework.jdbc.datasource.DriverManagerDataSource" lazy-init="false">
        <property name="driverClassName" value="oracle.jdbc.driver.OracleDriver" />
        <property name="url" value="jdbc:oracle:thin:@fnf-oracle.c2fpkhebtlme.ap-northeast-2.rds.amazonaws.com:1521:ORCL" />
        <property name="username" value="farm" />
        <property name="password" value="dlfwhelqldlqslek!" />
    </bean> 

	<bean id="sqlSessionFactory"
		class="org.mybatis.spring.SqlSessionFactoryBean">
		<property name="dataSource" ref="dataSource" />
		<property name="configLocation"
			value="classpath:/mybatis-config.xml" />
		<property name="mapperLocations"
			value="classpath:/store/fnfm/mapper/*.xml" />
	</bean>

	<!-- mybatis -->
	 <bean id="sqlSession" class="org.mybatis.spring.SqlSessionTemplate"> 
		<constructor-arg name="sqlSessionFactory" ref="sqlSessionFactory" />
	</bean>

	<mybatis-spring:scan
		base-package="store.fnfm.mapper"
		annotation="org.springframework.stereotype.Repository" />

	
</beans>

