<?xml version="1.0" encoding="UTF-8"?>
<beans xmlns="http://www.springframework.org/schema/beans"
	xmlns:xsi="http://www.w3.org/2001/XMLSchema-instance"
	xmlns:security="http://www.springframework.org/schema/security"
	xsi:schemaLocation="http://www.springframework.org/schema/security http://www.springframework.org/schema/security/spring-security-4.2.xsd
		http://www.springframework.org/schema/beans http://www.springframework.org/schema/beans/spring-beans.xsd">
	<bean id="customAccessDenied" class="store.fnfm.security.CustomAccessDeniedHandler" />
	<bean id="customLoginSuccess" class="store.fnfm.security.CustomLoginSuccessHandler" />
	<!-- <bean id="customPasswordEncoder" class="store.fnfm.security.CustomerNoOpPasswordEncoder" /> -->
	<bean id="bcryptPasswordEncoder" class="org.springframework.security.crypto.bcrypt.BCryptPasswordEncoder" />
	<bean id="cutomerUserDetailService" class="store.fnfm.security.CutomerUserDetailService" />
 	
	<security:http>
		<security:intercept-url pattern="/" access="permitAll" />
		<security:intercept-url pattern="/modifys" access="hasRole('ROLE_USER')" />
		<security:intercept-url pattern="/remove" access="hasRole('ROLE_USER')" />
		<security:intercept-url pattern="/myorder" access="hasRole('ROLE_USER')" />
		<security:intercept-url pattern="/mile" access="hasRole('ROLE_USER')" />
		<security:intercept-url pattern="/cart " access="hasRole('ROLE_USER')" />
		<security:intercept-url pattern="/order" access="hasRole('ROLE_USER')" />
		<security:intercept-url pattern="/qaa" access="hasAnyRole('ROLE_USER', 'ROLE_SELLER', 'ROLE_MANAGER', 'ROLE_ADMIN')" />
		<security:intercept-url pattern="/seller**/*" access="hasRole('ROLE_SELLER')" />
		<security:intercept-url pattern="/seller**" access="hasRole('ROLE_SELLER')" />
		<security:intercept-url pattern="/admin**/*" access="hasRole('ROLE_ADMIN')" />
		<security:intercept-url pattern="/admin" access="hasRole('ROLE_ADMIN')" />
		
		<security:form-login username-parameter="user_id" password-parameter="password" login-page="/login" authentication-success-handler-ref="customLoginSuccess" />
		<security:logout logout-url="/logout" invalidate-session="true" />
		<security:access-denied-handler ref="customAccessDenied" />
		<security:session-management>
 			<security:concurrency-control max-sessions="1" expired-url="/login_duplicate"/>
		</security:session-management>
		<security:csrf disabled="true"/>
	</security:http>
	
	<security:authentication-manager>
		<security:authentication-provider user-service-ref="cutomerUserDetailService" >
			<security:password-encoder ref="bcryptPasswordEncoder" />
		</security:authentication-provider>
	</security:authentication-manager>
	
</beans>
