<?xml version="1.0" encoding="UTF-8"?>
<beans:beans xmlns:xsi="http://www.w3.org/2001/XMLSchema-instance"
   xmlns:beans="http://www.springframework.org/schema/beans"
   xmlns:context="http://www.springframework.org/schema/context"
   xmlns:mvc="http://www.springframework.org/schema/mvc"
   xsi:schemaLocation="http://www.springframework.org/schema/mvc http://www.springframework.org/schema/mvc/spring-mvc.xsd
      http://www.springframework.org/schema/beans http://www.springframework.org/schema/beans/spring-beans.xsd
      http://www.springframework.org/schema/context http://www.springframework.org/schema/context/spring-context.xsd">

   <!-- DispatcherServlet Context: defines this servlet's request-processing infrastructure -->
   
   <!-- Enables the Spring MVC @Controller programming model -->

   <!-- Handles HTTP GET requests for /resources/** by efficiently serving up static resources in the ${webappRoot}/resources directory -->
   
<!--    <mvc:resources mapping="/css/**" location="/resources/css/" />  -->
<!--    <mvc:resources mapping="/images/**" location="/resources/images/" />  -->
<!--    <mvc:resources mapping="/js/**" location="/resources/js/" /> -->
   
   
   <mvc:resources location="/static/" mapping="/static/**"/>
   <mvc:resources location="/static/css/" mapping="/css/**"/>
   <mvc:resources location="/static/img/" mapping="/img/**"/>
   <mvc:resources location="/static/js/" mapping="/js/**"/>
   <mvc:resources location="/resources/scss/" mapping="/scss/**"/>
   <mvc:resources location="/static/fonts/" mapping="/fonts/**"/>
   <mvc:resources location="/resources/" mapping="/resources/**"/>
   <mvc:resources location="/resources/css/" mapping="/css/**"/>
   <mvc:resources location="/resources/fonts/" mapping="/fonts/**"/>
   <mvc:resources location="/resources/img/" mapping="/img/**"/>
   <mvc:resources location="/resources/js/" mapping="/js/**"/>
   <mvc:resources location="/resources/scss/" mapping="/scss/**"/>
   <mvc:resources location="/resources/fonts/" mapping="/fonts/**" />
   <!--  location : 물리적 경로 || mapping : 논리적 경로 -->
   
   <!-- Resolves views selected for rendering by @Controllers to .jsp resources in the /WEB-INF/views directory -->
   <beans:bean class="org.springframework.web.servlet.view.InternalResourceViewResolver">
      <beans:property name="prefix" value="/WEB-INF/views/" />
      <beans:property name="suffix" value=".jsp" />
   </beans:bean>
   
   <!-- store.fnfm 밑에있는 패키지들 전부 @annotation 사용-->
   <context:component-scan base-package="store.fnfm" />
   <!-- jackson -->
   <mvc:annotation-driven /> 
   <!-- 정적페이지 인식 핸들러 -->
   <mvc:default-servlet-handler/>
   
</beans:beans>