<?xml version="1.0" encoding="UTF-8" ?>
<!DOCTYPE mapper
	PUBLIC "-//mybatis.org//DTD Mapper 3.0//EN"
		"http://mybatis.org/dtd/mybatis-3-mapper.dtd">

<mapper namespace="Customer">
	<resultMap type="customerVo" id="customerMap">
		<result column="user_id" property="user_id" jdbcType="VARCHAR" javaType="java.lang.String" />
		<result column="email" property="email" jdbcType="VARCHAR" javaType="java.lang.String" />
		<result column="password" property="password" jdbcType="VARCHAR" javaType="java.lang.String" />
		<result column="user_name" property="user_name" jdbcType="VARCHAR" javaType="java.lang.String" />
		<result column="phone" property="phone" jdbcType="VARCHAR" javaType="java.lang.String" />
		<result column="birth" property="birth" jdbcType="VARCHAR" javaType="java.lang.String" />
		<result column="question" property="question" jdbcType="VARCHAR" javaType="java.lang.String" />
		<result column="answer" property="answer" jdbcType="VARCHAR" javaType="java.lang.String" />
		<result column="status" property="status" jdbcType="INTEGER" javaType="java.lang.Integer" />
	</resultMap>
	
	<!-- 일반 유저 회원 가입 -->
	<insert id="insertSU" parameterType="customerVo">
		INSERT INTO Customer(user_id, email, password, user_name, phone, birth, question, answer, authority)
		VALUES(#{user_id}, #{email}, #{password}, #{user_name}, #{phone}, #{birth}, #{question}, #{answer}, 'ROLE_USER')
	</insert>
	
	<insert id="insert1" parameterType="customerVo">
		INSERT INTO MILEAGE(user_id, mile_total, mile_used, mile_remain)
		VALUES(#{user_id}, #{mile_total}, #{mile_used}, #{mile_remain})
	</insert>
	
	<!-- 아이디 확인 -->
	<select id="idCheck" resultType="Integer" parameterType="String">
		SELECT COUNT(*) FROM Customer WHERE user_id = #{user_id}
	</select>
	
	<!-- email 확인 -->
	<select id="emailCheck" resultType="Integer" parameterType="String">
		SELECT COUNT(*) FROM Customer WHERE email = #{email}
	</select>
	
	<!-- naver email 확인 -->
	<select id="selectUserByUserName" resultMap="customerMap">
		select * from Customer
		where email = #{email}
	</select>
	
	<select id="naverLogin" parameterType="string" resultMap="customerMap">
	   SELECT USER_NAME, USER_ID, BIRTH, EMAIL, ANSWER, QUESTION, AUTHORITY FROM Customer 
	   WHERE EMAIL = #{email} 
	</select>
	
	<!-- kakao 아이디 확인 -->
	<select id="kakaoCheck" resultType="Integer" parameterType="String">
		SELECT COUNT(*) FROM Customer WHERE user_id = #{user_id}
	</select>
	
	<select id="kakaoLogin" parameterType="string" resultMap="customerMap">
	   SELECT USER_NAME, USER_ID, BIRTH, EMAIL, ANSWER, QUESTION, AUTHORITY FROM Customer 
	   WHERE USER_ID = #{user_id} 
	</select>
	
	<select id="loginCheck" resultType="Integer" parameterType="String">
		SELECT COUNT(*) FROM Customer WHERE user_id = #{user_id} AND AUTHORITY = 'ROLE_X'
	</select>
	
</mapper>

<!-- ***Mapper.xml은 쿼리문을 입력 -->