<?xml version="1.0" encoding="UTF-8" ?>
<!DOCTYPE mapper
	PUBLIC "-//mybatis.org//DTD Mapper 3.0//EN"
		"http://mybatis.org/dtd/mybatis-3-mapper.dtd">

<mapper namespace="Seller">
	<resultMap type="customerVo" id="sellereMap">
		<result column="user_id" property="user_id" jdbcType="VARCHAR" javaType="java.lang.String" />
		<result column="email" property="email" jdbcType="VARCHAR" javaType="java.lang.String" />
		<result column="password" property="password" jdbcType="VARCHAR" javaType="java.lang.String" />
		<result column="user_name" property="user_name" jdbcType="VARCHAR" javaType="java.lang.String" />
		<result column="phone" property="phone" jdbcType="VARCHAR" javaType="java.lang.String" />
		<result column="birth" property="birth" jdbcType="VARCHAR" javaType="java.lang.String" />
		<result column="question" property="question" jdbcType="VARCHAR" javaType="java.lang.String" />
		<result column="answer" property="answer" jdbcType="VARCHAR" javaType="java.lang.String" />
		<result column="status" property="status" jdbcType="INTEGER" javaType="java.lang.Integer" />
		<result column="regi_num" property="regi_num" jdbcType="VARCHAR" javaType="java.lang.String" />
		<result column="com_name" property="com_name" jdbcType="VARCHAR" javaType="java.lang.String" />
		<result column="com_url" property="com_url" jdbcType="VARCHAR" javaType="java.lang.String" />
		<result column="mile_total" property="mile_total" jdbcType="INTEGER" javaType="java.lang.Integer" />
		<result column="mile_used" property="mile_used" jdbcType="INTEGER" javaType="java.lang.Integer" />
		<result column="mile_remain" property="mile_remain" jdbcType="INTEGER" javaType="java.lang.Integer" />
	</resultMap>
	
	
<!-- 	<parameterMap id="insertMap" type="customerVo">
		<parameter property="user_id" javaType="String" jdbcType="VARCHAR" mode="IN"/>
		<parameter property="email" javaType="String" jdbcType="VARCHAR" mode="IN"/>
		<parameter property="password" javaType="String" jdbcType="VARCHAR" mode="IN"/>
		<parameter property="user_name" javaType="String" jdbcType="VARCHAR" mode="IN"/>
		<parameter property="phone" javaType="String" jdbcType="CHAR" mode="IN"/>
		<parameter property="birth" javaType="String" jdbcType="CHAR" mode="IN"/>
		<parameter property="question" javaType="String" jdbcType="VARCHAR" mode="IN"/>
		<parameter property="answer" javaType="String" jdbcType="VARCHAR" mode="IN"/>
	</parameterMap> -->
	<insert id="seinsertSU" parameterType="customerVo">
		INSERT INTO Customer(user_id, email, password, user_name, phone, birth, question, answer, authority)
		VALUES(#{user_id}, #{email}, #{password}, #{user_name}, #{phone}, #{birth}, #{question}, #{answer}, #{authority})
	</insert>
	<insert id="seinsert2" parameterType="customerVo">
		INSERT INTO Seller(user_id, regi_num, com_name, com_url)
		VALUES(#{user_id}, #{regi_num}, #{com_name}, #{com_url})
	</insert>
	<insert id="seinsert3" parameterType="customerVo">
		INSERT INTO MILEAGE(user_id, mile_total, mile_used, mile_remain)
		VALUES(#{user_id}, #{mile_total}, #{mile_used}, #{mile_remain})
	</insert>
	
	<!-- 아이디 확인 -->
	<!-- <select id="idCheck" resultType="Integer" parameterType="String">
		SELECT COUNT(*) FROM Customer WHERE user_id = #{user_id}
	</select> -->
</mapper>

<!-- ***Mapper.xml은 쿼리문을 입력 -->