<?xml version="1.0" encoding="UTF-8" ?>
<!DOCTYPE mapper
	PUBLIC "-//mybatis.org//DTD Mapper 3.0//EN"
		"http://mybatis.org/dtd/mybatis-3-mapper.dtd">
		
<mapper namespace="Faq">
	<resultMap type="faqVo" id="selectResultMap">
		<result column="idx" property="idx" jdbcType="INTEGER" javaType="Integer" />
		<result column="readnum" property="readnum" jdbcType="SMALLINT" javaType="Integer" />
		<result column="user_id" property="user_id" jdbcType="VARCHAR" javaType="String" />
		<result column="title" property="title" jdbcType="VARCHAR" javaType="String" />
		<result column="contents" property="contents" jdbcType="VARCHAR" javaType="String" />
		<result column="writedate" property="writedate" jdbcType="DATE" javaType="String" />
		<result column="filename" property="filename" jdbcType="VARCHAR" javaType="String" />
	</resultMap>
	
	<parameterMap type="faqVo" id="insertMap">
		<parameter property="user_id" javaType="String" jdbcType="VARCHAR" mode="IN"/>
		<parameter property="title" javaType="String" jdbcType="VARCHAR" mode="IN"/>
		<parameter property="contents" javaType="String" jdbcType="VARCHAR" mode="IN"/>
		<parameter property="filename" javaType="String" jdbcType="VARCHAR" mode="IN"/>
	</parameterMap>
	<insert id="insertSP" parameterType="faqVo" parameterMap="insertMap">
		{  call sp_faq_insert(?,?,?,?)}
	</insert>
	
	<parameterMap type="hashMap" id="selectAllMap">
		<parameter property="results" javaType="ResultSet" jdbcType="CURSOR" mode="OUT"  resultMap="selectResultMap"/>
		<parameter property="start" jdbcType="INTEGER" javaType="Integer" mode="IN"/>
		<parameter property="end"  jdbcType="INTEGER" javaType="Integer" mode="IN"/>
	</parameterMap>
	<select id="selectAllSP" parameterMap="selectAllMap" statementType="CALLABLE">
		{  call sp_faq_select_all(?, ?, ?)}
	</select>

	<parameterMap type="hashMap" id="selectCountMap">
		<parameter property="result" javaType="Integer" jdbcType="INTEGER" mode="OUT"/>
	</parameterMap>
	<select id="selectTotalCountSP" parameterMap="selectCountMap" statementType="CALLABLE">
		{  call sp_faq_total_count(?) }
	</select>
	
	<parameterMap type="faqVo" id="selectOneMap">
		<parameter property="idx" javaType="Integer" jdbcType="INTEGER" mode="IN"/>
		<parameter property="result" javaType="ResultSet" jdbcType="CURSOR" mode="OUT"  resultMap="selectResultMap"/>
	</parameterMap>
	<select id="selectOneSP" parameterMap="selectOneMap" statementType="CALLABLE"
		parameterType="hashMap">
		{  call sp_faq_select_one(?,?)}
	</select>
	
	<update id="updateSP" parameterType="faqVo">
		{  call sp_faq_update(#{title}, #{contents}, #{idx}, #{filename})}
	</update>
	
	<parameterMap type="Integer" id="deleteMap">
		<parameter property="idx" javaType="Integer" jdbcType="INTEGER" mode="IN"/>
	</parameterMap>
	<delete id="deleteSP" parameterMap="deleteMap">
		{  call sp_faq_delete(?)}
	</delete>
	
	<update id="readnumCountU" parameterType="Integer">
		UPDATE Faq SET readnum = readnum + 1 WHERE idx = #{idx}
	</update>
	
	<parameterMap type="faqVo" id="searchAllMap">
		<parameter property="user_id" javaType="String" jdbcType="VARCHAR" mode="IN"/>
		<parameter property="title" javaType="String" jdbcType="VARCHAR" mode="IN"/>
		<parameter property="contents" javaType="String" jdbcType="VARCHAR" mode="IN"/>
		<parameter property="results" javaType="ResultSet" jdbcType="CURSOR" mode="OUT"  resultMap="selectResultMap"/>
		<parameter property="start" jdbcType="INTEGER" javaType="Integer" mode="IN"/>
		<parameter property="end"  jdbcType="INTEGER" javaType="Integer" mode="IN"/>
	</parameterMap>
	<select id="searchAll" parameterMap="searchAllMap" statementType="CALLABLE">
		{  call Faq_SEARCH(?, ?, ?, ?, ?, ?)}
	</select>
	
	<parameterMap type="hashMap" id="searchCountMap">
		<parameter property="user_id" javaType="String" jdbcType="VARCHAR" mode="IN"/>
		<parameter property="title" javaType="String" jdbcType="VARCHAR" mode="IN"/>
		<parameter property="contents" javaType="String" jdbcType="VARCHAR" mode="IN"/>
		<parameter property="result" javaType="Integer" jdbcType="INTEGER" mode="OUT"/>
	</parameterMap>
	<select id="searchCount" parameterMap="searchCountMap" statementType="CALLABLE">
		{  call Faq_SEARCH_TOTAL(?, ?, ?, ?) }
	</select>
</mapper>
